CREATE DATABASE QLGV
USE QLGV

-- TUAN 1

CREATE TABLE LOP
(
MALOP CHAR(3) PRIMARY KEY,
TENLOP VARCHAR(40),
SISO TINYINT,
MAGVCN CHAR(4),
TRGLOP CHAR(5) FOREIGN KEY REFERENCES HOCVIEN(MAHV)
)
CREATE TABLE MONHOC
(
MAMH VARCHAR(10) PRIMARY KEY,
TENMH VARCHAR(40),
TCLT TINYINT,
TCTH TINYINT,
MAKHOA VARCHAR(4) FOREIGN KEY REFERENCES KHOA(MAKHOA)
)
CREATE TABLE HOCVIEN
(
MAHV CHAR(5) PRIMARY KEY,
HO VARCHAR(40),
TEN VARCHAR(10),
NGSINH SMALLDATETIME,
GIOITINH VARCHAR(3),
NOISINH VARCHAR(40),
MALOP CHAR(3)
)
CREATE TABLE KHOA
(
MAKHOA VARCHAR(4) PRIMARY KEY,
TENKHOA VARCHAR(40),

-- Tuan 3
-- phan II
--1

UPDATE GIAOVIEN
SET HESO = 0.2 + HESO
WHERE MAGV IN (SELECT TRGKHOA FROM KHOA)

--2
UPDATE HOCVIEN
SET DIEMTB =
(
	SELECT AVG(DIEM)
	FROM KETQUATHI
	WHERE LANTHI = (SELECT MAX(LanThi) FROM KetQuaThi KQ WHERE MaHV = KetQuaThi.MaHV GROUP BY MaHV)
	GROUP BY MaHV
	HAVING MaHV = HocVien.MaHV
)
--3
UPDATE HOCVIEN
SET GHICHU = 'Cam thi'
WHERE MAHV IN 
(
	SELECT MAHV
	FROM KETQUATHI
	WHERE LANTHI = 3 AND DIEM < 5
)
--
ALTER TABLE HOCVIEN ALTER COLUMN GHICHU VARCHAR(50)
--4
UPDATE HOCVIEN
SET XEPLOAI =
(
	CASE 
		WHEN DIEMTB >= 9 THEN 'XS'
		WHEN DIEMTB >= 8 AND DIEMTB < 9 THEN 'G'
		WHEN DIEMTB >= 6.5 AND DIEMTB < 8 THEN 'K'
		WHEN DIEMTB >= 5 AND DIEMTB < 6.5 THEN 'TB'
		WHEN DIEMTB < 5 THEN 'Y'
	END
)

--
--ALTER TABLE HOCVIEN ALTER COLUMN XEPLOAI VARCHAR(3)
--
--SELECT *
--FROM HOCVIEN
-- PHAN III
--1
SELECT MAHV,(HO+' '+TEN) HOTEN,NGSINH,HOCVIEN.MALOP
FROM HOCVIEN,LOP
WHERE HOCVIEN.MALOP = LOP.MALOP AND HOCVIEN.MAHV = LOP.TRGLOP

--2
SELECT  HOCVIEN.MAHV,(HO+' '+TEN) HOTEN,LANTHI,DIEM
FROM HOCVIEN,KETQUATHI
WHERE HOCVIEN.MAHV = KETQUATHI.MAHV AND MAMH ='CTRR' AND HOCVIEN.MALOP= 'K12'	
ORDER BY TEN,HO

--3
SELECT  HOCVIEN.MAHV,(HO+' '+TEN) HOTEN,TENMH
FROM HOCVIEN,KETQUATHI,MONHOC
WHERE HOCVIEN.MAHV = KETQUATHI.MAHV 
AND  MONHOC.MAMH = KETQUATHI.MAMH
AND LANTHI = 1 AND KQUA ='Dat'	
ORDER BY TEN,HO

--4
SELECT  HOCVIEN.MAHV,(HO+' '+TEN) HOTEN,MALOP
FROM HOCVIEN,KETQUATHI
WHERE HOCVIEN.MAHV = KETQUATHI.MAHV 
AND KETQUATHI.MAMH = 'CTRR' AND KQUA ='Khong Dat' AND LANTHI = 1 AND MALOP ='K11'
ORDER BY TEN,HO

--5
SELECT DISTINCT
	HOCVIEN.MAHV, (Ho+' '+Ten) HoTen
FROM
	HOCVIEN,KETQUATHI
WHERE
	HOCVIEN.MAHV = KETQUATHI.MAHV
	AND MALOP like 'K__'
	AND MAMH = 'CTRR'
    AND NOT EXISTS
		(SELECT * FROM KETQUATHI
		WHERE 
			KQUA = 'Dat' 
			AND MAMH = 'CTRR' 
			AND MAHV = HocVien.MaHV)
--6
SELECT DISTINCT  TENMH,GIAOVIEN.MAGV
FROM MONHOC ,GIAOVIEN , GIANGDAY
WHERE MONHOC.MAMH = GIANGDAY.MAMH 
      AND GIANGDAY.MAGV = GIAOVIEN.MAGV
	  AND HOTEN = 'Tran Tam Thanh'
	  AND GIANGDAY.HOCKY = 1 AND GIANGDAY.NAM = 2006

--7
SELECT DISTINCT MONHOC.MAMH,TENMH
FROM MONHOC ,GIANGDAY ,LOP
WHERE MONHOC.MAMH = GIANGDAY.MAMH
      AND GIANGDAY.MALOP = LOP.MALOP
	  AND LOP.MALOP = 'K11'	
	  AND GIANGDAY.HOCKY = 1 AND GIANGDAY.NAM = 2006
 
 --8
SELECT DISTINCT (HO+' '+TEN) HOTEN 
FROM MONHOC ,GIANGDAY,HOCVIEN,GIAOVIEN,LOP
WHERE MONHOC.MAMH = GIANGDAY.MAMH
      AND GIAOVIEN.MAGV = GIANGDAY.MAGV
      AND GIANGDAY.MALOP = HOCVIEN.MALOP
	  AND HOCVIEN.MALOP = LOP.MALOP
	  AND GIAOVIEN.HOTEN = 'Nguyen To Lan' AND TENMH = 'Co So Du Lieu'
	  AND LOP.TRGLOP = HOCVIEN.MAHV
	
 --9
 SELECT MONHOCTRUOC.MAMH , MONHOCTRUOC.TENMH
 FROM MONHOC,MONHOC AS MONHOCTRUOC,DIEUKIEN
 WHERE   MONHOC.MAMH = DIEUKIEN.MAMH
         AND MONHOCTRUOC.MAMH = DIEUKIEN.MAMH_TRUOC
         AND MONHOC.TENMH ='Co So Du Lieu' 
  
--10
SELECT MONHOCTRUOC.MAMH , MONHOCTRUOC.TENMH
 FROM MONHOC,MONHOC AS MONHOCTRUOC,DIEUKIEN
 WHERE   MONHOC.MAMH = DIEUKIEN.MAMH
         AND MONHOCTRUOC.MAMH = DIEUKIEN.MAMH_TRUOC
         AND MONHOC.TENMH ='Cau Truc Roi Rac' 

--11
SELECT HOTEN
FROM
	GIAOVIEN,GIANGDAY
WHERE
	GIAOVIEN.MAGV = GIANGDAY.MAGV
	AND MaLop = 'K11'
	AND HocKy = 1 AND Nam = 2006
INTERSECT 
	(SELECT HOTEN
FROM
	GIAOVIEN,GIANGDAY
WHERE
	GIAOVIEN.MAGV = GIANGDAY.MAGV
	AND MaLop = 'K12'
	AND HocKy = 1 AND Nam = 2006)

--12
SELECT HOCVIEN.MAHV ,HO +' '+ TEN AS HOTEN
FROM HOCVIEN,KETQUATHI
WHERE HOCVIEN.MAHV = KETQUATHI.MAHV
      AND KETQUATHI.KQUA ='Khong Dat'
	  AND KETQUATHI.LANTHI = 1
	  AND NOT EXISTS(
	      SELECT*
		  FROM KETQUATHI
	      WHERE KETQUATHI.LANTHI > 1 AND KETQUATHI.MAHV = HOCVIEN.MAHV
)
--13
SELECT MAGV,HOTEN
FROM GIAOVIEN 
WHERE GIAOVIEN.MAGV  NOT IN (SELECT MAGV FROM GIANGDAY)
      
--14
SELECT MAGV,HOTEN
FROM GIAOVIEN 
WHERE NOT EXISTS
(
	SELECT *
	FROM MONHOC
	WHERE MONHOC.MAKHOA = GIAOVIEN.MAKHOA
	AND NOT EXISTS
	(
		SELECT *
		FROM GIANGDAY
		WHERE GIANGDAY.MAMH = MONHOC.MAMH
		AND GIANGDAY.MAGV = GIAOVIEN.MAGV
	)
)

--
SELECT *
FROM KETQUATHI	
--

SELECT TEN , MAX(DIEM) MAX_D
FROM HOCVIEN,KETQUATHI
WHERE HOCVIEN.MAHV = KETQUATHI.MAHV
GROUP BY HOCVIEN.MAHV,TEN -- GOM NHOM THEO MA~ TRUOC
HAVING MAX(DIEM) >8.5
NGTLAP SMALLDATETIME,
TRGKHOA CHAR(4) FOREIGN KEY REFERENCES GIAOVIEN(MAGV)
)
CREATE TABLE DIEUKIEN
(
MAMH VARCHAR(10) FOREIGN KEY REFERENCES MONHOC(MAMH),
MAMH_TRUOC VARCHAR(10),
CONSTRAINT DK_MH PRIMARY KEY(MAMH,MAMH_TRUOC)
)
CREATE TABLE GIAOVIEN
(
MAGV CHAR(4) PRIMARY KEY,
HOTEN VARCHAR(40),
HOCVI VARCHAR(10),
HOCHAM VARCHAR(10),
GIOITINH VARCHAR(3),
NGSINH SMALLDATETIME,
NGVL SMALLDATETIME,
HESO NUMERIC(4,2),
MUCLUONG MONEY,
MAKHOA VARCHAR(4)
)
CREATE TABLE GIANGDAY
(
MALOP CHAR(3) FOREIGN KEY REFERENCES LOP(MALOP),
MAMH VARCHAR(10) FOREIGN KEY REFERENCES MONHOC(MAMH),
MAGV CHAR(4) FOREIGN KEY REFERENCES GIAOVIEN(MAGV),
HOCKY TINYINT,
NAM SMALLINT,
TUNGAY SMALLDATETIME,
DENNGAY SMALLDATETIME,
CONSTRAINT KQGIANGDAY PRIMARY KEY(MALOP,MAMH)
)
CREATE TABLE KETQUATHI
(
MAHV CHAR(5) FOREIGN KEY REFERENCES HOCVIEN(MAHV),
MAMH VARCHAR(10) FOREIGN KEY REFERENCES MONHOC(MAMH),
LANTHI TINYINT,
NGTHI SMALLDATETIME,
DIEM NUMERIC(4,2),
KQUA VARCHAR(10),
CONSTRAINT KQT PRIMARY KEY(MAHV,MAMH,LANTHI)
)

ALTER TABLE HOCVIEN ADD GHICHU VARCHAR(50);
ALTER TABLE HOCVIEN ADD DIEMTB TINYINT;
ALTER TABLE HOCVIEN ADD XEPLOAI CHAR(10);

CREATE TRIGGER MA_HOC_VIEN
ON HOCVIEN
FOR INSERT, UPDATE 
AS
BEGIN
	DECLARE @SISO INT, @MAHV VARCHAR(5), @MALOP VARCHAR(3)
    SELECT @MAHV = MAHV, @MALOP = MALOP FROM INSERTED
	SELECT @SISO = SISO FROM LOP WHERE LOP.MALOP = @MALOP
    IF LEFT(@MAHV,3) <> @MALOP
	BEGIN
		PRINT('3 ki tu dau cua MAHV phai la MALOP')
		ROLLBACK TRANSACTION
	END
	
	ELSE IF CAST(RIGHT(@MAHV, 2) AS INT) NOT BETWEEN 1 AND @SISO
	BEGIN
		PRINT('2 ki tu cuoi cua MAHV phai la so thu tu hoc vien trong lop')
		ROLLBACK TRANSACTION
	END
END

ALTER TABLE HOCVIEN ADD CONSTRAINT GIOI_TINH CHECK (GIOITINH IN('NAM','NU'))
ALTER TABLE KETQUATHI ADD CONSTRAINT CHECK_DIEM CHECK 
(
	DIEM BETWEEN 0 AND 10
	AND RIGHT(CAST(DIEM AS VARCHAR), 3) LIKE '.__'
)
ALTER TABLE KETQUATHI ADD CONSTRAINT CHECK_KQHT CHECK 
(
(KQUA='KHONG DAT' AND DIEM < 5 )OR(KQUA='DAT' AND DIEM BETWEEN 5 AND 10)
)
ALTER TABLE KETQUATHI ADD CONSTRAINT LAN_THI CHECK (LANTHI <=3);
ALTER TABLE GIANGDAY ADD CONSTRAINT CHECK_HK CHECK (HOCKY BETWEEN 1 AND 3);
ALTER TABLE GIAOVIEN ADD CONSTRAINT HOC_VI CHECK (HOCVI IN('CN','KS','Ths','TS','PTS'))

ALTER TABLE LOP ADD	CONSTRAINT FK_MAGVCN FOREIGN KEY (MAGVCN) REFERENCES GIAOVIEN(MAGV)
ALTER TABLE HOCVIEN WITH NOCHECK ADD CONSTRAINT FK_LOP FOREIGN KEY (MALOP) REFERENCES LOP(MALOP)
ALTER TABLE GIAOVIEN ADD CONSTRAINT FK_MAKHOA FOREIGN KEY (MAKHOA) REFERENCES KHOA(MAKHOA)
ALTER TABLE DIEUKIEN ADD CONSTRAINT FK_MAMH_TRUOC FOREIGN KEY (MAMH_TRUOC) REFERENCES MONHOC(MAMH)


-- TUAN 2

-- I.9
CREATE TRIGGER trg_ins_udt_LopTruong ON LOP
FOR INSERT, UPDATE
AS
BEGIN
	IF NOT EXISTS (SELECT * FROM INSERTED I, HOCVIEN HV
	WHERE I.TRGLOP = HV.MAHV AND I.MALOP = HV.MALOP)
	BEGIN
		PRINT 'Error: Lop truong cua mot lop phai la hoc vien cua lop do'
		ROLLBACK TRANSACTION
	END
END
--I.11
ALTER TABLE HOCVIEN ADD CONSTRAINT CHECK_TUOI CHECK (YEAR(GETDATE()) - YEAR(NGSINH) >= 18)

ALTER TABLE GIANGDAY ADD CONSTRAINT CHECK_NGAY_DAY CHECK(TUNGAY < DENNGAY)

ALTER TABLE GIAOVIEN ADD CONSTRAINT CHECK_TUOI_GV CHECK(YEAR(NGVL) - YEAR(NGSINH) >= 22)

ALTER TABLE MONHOC ADD CONSTRAINT CHECK_MON CHECK(ABS(TCLT-TCTH)<=3)

-- Vô hiệu hóa khóa ngoại
alter table hocvien nocheck constraint FK_LOP
alter table LOP nocheck constraint FK_MAGVCN
alter table GIAOVIEN nocheck constraint FK_MAKHOA
ALTER TABLE MONHOC NOCHECK CONSTRAINT CHECK_MON
ALTER TABLE KETQUATHI NOCHECK CONSTRAINT FK__KETQUATHI__MAHV__32E0915F



alter table hocvien check constraint FK_LOP
alter table LOP check constraint FK_MAGVCN
alter table GIAOVIEN check constraint FK_MAKHOA
ALTER TABLE MONHOC CHECK CONSTRAINT CHECK_MON
ALTER TABLE KETQUATHI CHECK CONSTRAINT FK__KETQUATHI__MAHV__32E0915F

-- Nhập liệu

SET DATEFORMAT DMY


INSERT INTO LOP VALUES('K11','Lop 1 khoa 1','K1108',11,'GV07')
INSERT INTO LOP VALUES('K12','Lop 2 khoa 1','K1205',12,'GV09')
INSERT INTO LOP VALUES('K13','Lop 3 khoa 1','K1305',12,'GV14')

-- NHAP DU LIEU KHOA --
INSERT INTO KHOA VALUES('KHMT','Khoa hoc may tinh','7/6/2005','GV01')
INSERT INTO KHOA VALUES('HTTT','He thong thong tin','7/6/2005','GV02')
INSERT INTO KHOA VALUES('CNPM','Cong nghe phan mem','7/6/2005','GV04')
INSERT INTO KHOA VALUES('MTT','Mang va truyen thong','20/10/2005','GV03')
INSERT INTO KHOA VALUES('KTMT','Ky thuat may tinh','20/12/2005',Null)

-- NHAP DU LIEU GIAOVIEN --
INSERT INTO GIAOVIEN VALUES('GV01','Ho Thanh Son','PTS','GS','Nam','2/5/1950','11/1/2004',5,2250000,'KHMT')
INSERT INTO GIAOVIEN VALUES('GV02','Tran Tam Thanh','TS','PGS','Nam','17/12/1965','20/4/2004',4.5,2025000,'HTTT')
INSERT INTO GIAOVIEN VALUES('GV03','Do Nghiem Phung','TS','GS','Nu','1/8/1950','23/9/2004',4,1800000,'CNPM')
INSERT INTO GIAOVIEN VALUES('GV04','Tran Nam Son','TS','PGS','Nam','22/2/1961','12/1/2005',4.5,2025000,'KTMT')
INSERT INTO GIAOVIEN VALUES('GV05','Mai Thanh Danh','ThS','GV','Nam','12/3/1958','12/1/2005',3,1350000,'HTTT')
INSERT INTO GIAOVIEN VALUES('GV06','Tran Doan Hung','TS','GV','Nam','11/3/1953','12/1/2005',4.5,2025000,'KHMT')
INSERT INTO GIAOVIEN VALUES('GV07','Nguyen Minh Tien','ThS','GV','Nam','23/11/1971','1/3/2005',4,1800000,'KHMT')
INSERT INTO GIAOVIEN VALUES('GV08','Le Thi Tran','KS',Null,'Nu','26/3/1974','1/3/2005',1.69,760500,'KHMT')
INSERT INTO GIAOVIEN VALUES('GV09','Nguyen To Lan','ThS','GV','Nu','31/12/1966','1/3/2005',4,1800000,'HTTT')
INSERT INTO GIAOVIEN VALUES('GV10','Le Tran Anh Loan','KS',Null,'Nu','17/7/1972','1/3/2005',1.86,837000,'CNPM')
INSERT INTO GIAOVIEN VALUES('GV11','Ho Thanh Tung','CN','GV','Nam','12/1/1980','15/5/2005',2.67,1201500,'MTT')
INSERT INTO GIAOVIEN VALUES('GV12','Tran Van Anh','CN',Null,'Nu','29/3/1981','15/5/2005',1.69,760500,'CNPM')
INSERT INTO GIAOVIEN VALUES('GV13','Nguyen Linh Dan','CN',Null,'Nu','23/5/1980','15/5/2005',1.69,760500,'KTMT')
INSERT INTO GIAOVIEN VALUES('GV14','Truong Minh Chau','ThS','GV','Nu','30/11/1976','15/5/2005',3,1350000,'MTT')
INSERT INTO GIAOVIEN VALUES('GV15','Le Ha Thanh','ThS','GV','Nam','4/5/1978','15/5/2005',3,1350000,'KHMT')

-- NHAP DU LIEU MONHOC --
INSERT INTO MONHOC VALUES('THDC','Tin hoc dai cuong',4,1,'KHMT')
INSERT INTO MONHOC VALUES('CTRR','Cau truc roi rac',5,0,'KHMT')
INSERT INTO MONHOC VALUES('CSDL','Co so du lieu',3,1,'HTTT')
INSERT INTO MONHOC VALUES('CTDLGT','Cau truc du lieu va giai thuat',3,1,'KHMT')
INSERT INTO MONHOC VALUES('PTTKTT','Phan tich thiet ke thuat toan',3,0,'KHMT')
INSERT INTO MONHOC VALUES('DHMT','Do hoa may tinh',3,1,'KHMT')
INSERT INTO MONHOC VALUES('KTMT','Kien truc may tinh',3,0,'KTMT')
INSERT INTO MONHOC VALUES('TKCSDL','Thiet ke co so du lieu',3,1,'HTTT')
INSERT INTO MONHOC VALUES('PTTKHTTT','Phan tich thiet ke he thong thong tin',4,1,'HTTT')
INSERT INTO MONHOC VALUES('HDH','He dieu hanh',4,0,'KTMT')
INSERT INTO MONHOC VALUES('NMCNPM','Nhap mon cong nghe phan mem',3,0,'CNPM')
INSERT INTO MONHOC VALUES('LTCFW','Lap trinh C for win',3,1,'CNPM')
INSERT INTO MONHOC VALUES('LTHDT','Lap trinh huong doi tuong',3,1,'CNPM')

-- NHAP DU LIEU GIANGDAY --
INSERT INTO GIANGDAY VALUES ('K11','THDC','GV07',1,2006,'2/1/2006','12/5/2006')
INSERT INTO GIANGDAY VALUES ('K12','THDC','GV06',1,2006,'2/1/2006','12/5/2006')
INSERT INTO GIANGDAY VALUES ('K13','THDC','GV15',1,2006,'2/1/2006','12/5/2006')
INSERT INTO GIANGDAY VALUES ('K11','CTRR','GV02',1,2006,'9/1/2006','17/5/2006')
INSERT INTO GIANGDAY VALUES ('K12','CTRR','GV02',1,2006,'9/1/2006','17/5/2006')
INSERT INTO GIANGDAY VALUES ('K13','CTRR','GV08',1,2006,'9/1/2006','17/5/2006')
INSERT INTO GIANGDAY VALUES ('K11','CSDL','GV05',2,2006,'1/6/2006','15/7/2006')
INSERT INTO GIANGDAY VALUES ('K12','CSDL','GV09',2,2006,'1/6/2006','15/7/2006')
INSERT INTO GIANGDAY VALUES ('K13','CTDLGT','GV15',2,2006,'1/6/2006','15/7/2006')
INSERT INTO GIANGDAY VALUES ('K13','CSDL','GV05',3,2006,'1/8/2006','15/12/2006')
INSERT INTO GIANGDAY VALUES ('K13','DHMT','GV07',3,2006,'1/8/2006','15/12/2006')
INSERT INTO GIANGDAY VALUES ('K11','CTDLGT','GV15',3,2006,'1/8/2006','15/12/2006')
INSERT INTO GIANGDAY VALUES ('K12','CTDLGT','GV15',3,2006,'1/8/2006','15/12/2006')
INSERT INTO GIANGDAY VALUES ('K11','HDH','GV04',1,2007,'2/1/2007','18/2/2007')
INSERT INTO GIANGDAY VALUES ('K12','HDH','GV04',1,2007,'2/1/2007','20/3/2007')
INSERT INTO GIANGDAY VALUES ('K11','DHMT','GV07',1,2007,'18/2/2007','20/3/2007')

-- NHAP DU LIEU DIEUKIEN --
INSERT INTO DIEUKIEN VALUES ('CSDL','CTRR')
INSERT INTO DIEUKIEN VALUES ('CSDL','CTDLGT')
INSERT INTO DIEUKIEN VALUES ('CTDLGT','THDC')
INSERT INTO DIEUKIEN VALUES ('PTTKTT','THDC')
INSERT INTO DIEUKIEN VALUES ('PTTKTT','CTDLGT')
INSERT INTO DIEUKIEN VALUES ('DHMT','THDC')
INSERT INTO DIEUKIEN VALUES ('LTHDT','THDC')
INSERT INTO DIEUKIEN VALUES ('PTTKHTTT','CSDL')

-- NHAP DU LIEU KETQUATHI --
INSERT INTO KETQUATHI VALUES ('K1101','CSDL',1,'20/7/2006',10,'Dat')
INSERT INTO KETQUATHI VALUES ('K1101','CTDLGT',1,'28/12/2006',9,'Dat')
INSERT INTO KETQUATHI VALUES ('K1101','THDC',1,'20/5/2006',9,'Dat')
INSERT INTO KETQUATHI VALUES ('K1101','CTRR',1,'13/5/2006',9.5,'Dat')
INSERT INTO KETQUATHI VALUES ('K1102','CSDL',1,'20/7/2006',4,'Khong Dat')
INSERT INTO KETQUATHI VALUES ('K1102','CSDL',2,'27/7/2006',4.25,'Khong Dat')
INSERT INTO KETQUATHI VALUES ('K1102','CSDL',3,'10/8/2006',4.5,'Khong Dat')
INSERT INTO KETQUATHI VALUES ('K1102','CTDLGT',1,'28/12/2006',4.5,'Khong Dat')
INSERT INTO KETQUATHI VALUES ('K1102','CTDLGT',2,'5/1/2007',4,'Khong Dat')
INSERT INTO KETQUATHI VALUES ('K1102','CTDLGT',3,'15/1/2007',6,'Dat')
INSERT INTO KETQUATHI VALUES ('K1102','THDC',1,'20/5/2006',5,'Dat')
INSERT INTO KETQUATHI VALUES ('K1102','CTRR',1,'13/5/2006',7,'Dat')
INSERT INTO KETQUATHI VALUES ('K1103','CSDL',1,'20/7/2006',3.5,'Khong Dat')
INSERT INTO KETQUATHI VALUES ('K1103','CSDL',2,'27/7/2006',8.25,'Dat')
INSERT INTO KETQUATHI VALUES ('K1103','CTDLGT',1,'28/12/2006',7,'Dat')
INSERT INTO KETQUATHI VALUES ('K1103','THDC',1,'20/5/2006',8,'Dat')
INSERT INTO KETQUATHI VALUES ('K1103','CTRR',1,'13/5/2006',6.5,'Dat')
INSERT INTO KETQUATHI VALUES ('K1104','CSDL',1,'20/7/2006',3.75,'Khong Dat')
INSERT INTO KETQUATHI VALUES ('K1104','CTDLGT',1,'28/12/2006',4,'Khong Dat')
INSERT INTO KETQUATHI VALUES ('K1104','THDC',1,'20/5/2006',4,'Khong Dat')
INSERT INTO KETQUATHI VALUES ('K1104','CTRR',1,'13/5/2006',4,'Khong Dat')
INSERT INTO KETQUATHI VALUES ('K1104','CTRR',2,'20/5/2006',3.5,'Khong Dat')
INSERT INTO KETQUATHI VALUES ('K1104','CTRR',3,'30/6/2006',4,'Khong Dat')
INSERT INTO KETQUATHI VALUES ('K1201','CSDL',1,'20/7/2006',6,'Dat')
INSERT INTO KETQUATHI VALUES ('K1201','CTDLGT',1,'28/12/2006',5,'Dat')
INSERT INTO KETQUATHI VALUES ('K1201','THDC',1,'20/5/2006',8.5,'Dat')
INSERT INTO KETQUATHI VALUES ('K1201','CTRR',1,'13/5/2006',9,'Dat')
INSERT INTO KETQUATHI VALUES ('K1202','CSDL',1,'20/7/2006',8,'Dat')
INSERT INTO KETQUATHI VALUES ('K1202','CTDLGT',1,'28/12/2006',4,'Khong Dat')
INSERT INTO KETQUATHI VALUES ('K1202','CTDLGT',2,'5/1/2007',5,'Dat')
INSERT INTO KETQUATHI VALUES ('K1202','THDC',1,'20/5/2006',4,'Khong Dat')
INSERT INTO KETQUATHI VALUES ('K1202','THDC',2,'27/5/2006',4,'Khong Dat')
INSERT INTO KETQUATHI VALUES ('K1202','CTRR',1,'13/5/2006',3,'Khong Dat')
INSERT INTO KETQUATHI VALUES ('K1202','CTRR',2,'20/5/2006',4,'Khong Dat')
INSERT INTO KETQUATHI VALUES ('K1202','CTRR',3,'30/6/2006',6.25,'Dat')
INSERT INTO KETQUATHI VALUES ('K1203','CSDL',1,'20/7/2006',9.25,'Dat')
INSERT INTO KETQUATHI VALUES ('K1203','CTDLGT',1,'28/12/2006',9.5,'Dat')
INSERT INTO KETQUATHI VALUES ('K1203','THDC',1,'20/5/2006',10,'Dat')
INSERT INTO KETQUATHI VALUES ('K1203','CTRR',1,'13/5/2006',10,'Dat')
INSERT INTO KETQUATHI VALUES ('K1204','CSDL',1,'20/7/2006',8.5,'Dat')
INSERT INTO KETQUATHI VALUES ('K1204','CTDLGT',1,'28/12/2006',6.75,'Dat')
INSERT INTO KETQUATHI VALUES ('K1204','THDC',1,'20/5/2006',4,'Khong Dat')
INSERT INTO KETQUATHI VALUES ('K1204','CTRR',1,'13/5/2006',6,'Dat')
INSERT INTO KETQUATHI VALUES ('K1301','CSDL',1,'20/12/2006',4.25,'Khong Dat')
INSERT INTO KETQUATHI VALUES ('K1301','CTDLGT',1,'25/7/2006',8,'Dat')
INSERT INTO KETQUATHI VALUES ('K1301','THDC',1,'20/5/2006',7.75,'Dat')
INSERT INTO KETQUATHI VALUES ('K1301','CTRR',1,'13/5/2006',8,'Dat')
INSERT INTO KETQUATHI VALUES ('K1302','CSDL',1,'20/12/2006',6.75,'Dat')
INSERT INTO KETQUATHI VALUES ('K1302','CTDLGT',1,'25/7/2006',5,'Dat')
INSERT INTO KETQUATHI VALUES ('K1302','THDC',1,'20/5/2006',8,'Dat')
INSERT INTO KETQUATHI VALUES ('K1302','CTRR',1,'13/5/2006',8.5,'Dat')
INSERT INTO KETQUATHI VALUES ('K1303','CSDL',1,'20/12/2006',4,'Khong Dat')
INSERT INTO KETQUATHI VALUES ('K1303','CTDLGT',1,'25/7/2006',4.5,'Khong Dat')
INSERT INTO KETQUATHI VALUES ('K1303','CTDLGT',2,'7/8/2006',4,'Khong Dat')
INSERT INTO KETQUATHI VALUES ('K1303','CTDLGT',3,'15/8/2006',4.25,'Khong Dat')
INSERT INTO KETQUATHI VALUES ('K1303','THDC',1,'20/5/2006',4.5,'Khong Dat')
INSERT INTO KETQUATHI VALUES ('K1303','CTRR',1,'13/5/2006',3.25,'Khong Dat')
INSERT INTO KETQUATHI VALUES ('K1303','CTRR',2,'20/5/2006',5,'Dat')
INSERT INTO KETQUATHI VALUES ('K1304','CSDL',1,'20/12/2006',7.75,'Dat')
INSERT INTO KETQUATHI VALUES ('K1304','CTDLGT',1,'25/7/2006',9.75,'Dat')
INSERT INTO KETQUATHI VALUES ('K1304','THDC',1,'20/5/2006',5.5,'Dat')
INSERT INTO KETQUATHI VALUES ('K1304','CTRR',1,'13/5/2006',5,'Dat')
INSERT INTO KETQUATHI VALUES ('K1305','CSDL',1,'20/12/2006',9.25,'Dat')
INSERT INTO KETQUATHI VALUES ('K1305','CTDLGT',1,'25/7/2006',10,'Dat')
INSERT INTO KETQUATHI VALUES ('K1305','THDC',1,'20/5/2006',8,'Dat')
INSERT INTO KETQUATHI VALUES ('K1305','CTRR',1,'13/5/2006',10,'Dat')


INSERT INTO HOCVIEN VALUES('K1101','Nguyen Van','A','27/1/1986','Nam','TpHCM','K11')
INSERT INTO HOCVIEN VALUES('K1102','Tran Ngoc','Han','14/3/1986','Nu','Kien Giang','K11')
INSERT INTO HOCVIEN VALUES('K1103','Ha Duy','Lap','18/4/1986','Nam','Nghe An','K11')
INSERT INTO HOCVIEN VALUES('K1104','Tran Ngoc','Linh','30/3/1986','Nu','Tay Ninh','K11')
INSERT INTO HOCVIEN VALUES('K1105','Tran Minh','Long','27/2/1986','Nam','TpHCM','K11')
INSERT INTO HOCVIEN VALUES('K1106','Le Nhat','Minh','24/1/1986','Nam','TpHCM','K11')
INSERT INTO HOCVIEN VALUES('K1107','Nguyen Nhu','Nhut','27/1/1986','Nam','Ha Noi','K11')
INSERT INTO HOCVIEN VALUES('K1108','Nguyen Manh','Tam','27/2/1986','Nam','Kien Giang','K11')
INSERT INTO HOCVIEN VALUES('K1109','Phan Thi Thanh','Tam','27/1/1986','Nu','Vinh Long','K11')
INSERT INTO HOCVIEN VALUES('K1110','Le Hoai','Thuong','5/2/1986','Nu','Can Tho','K11')
INSERT INTO HOCVIEN VALUES('K1111','Le Ha','Vinh','25/12/1986','Nam','Vinh Long','K11')
INSERT INTO HOCVIEN VALUES('K1201','Nguyen Van','B','11/2/1986','Nam','TpHCM','K12')
INSERT INTO HOCVIEN VALUES('K1202','Nguyen Thi Kim','Duyen','18/1/1986','Nu','TpHCM','K12')
INSERT INTO HOCVIEN VALUES('K1203','Tran Thi Kim','Duyen','17/9/1986','Nu','TpHCM','K12')
INSERT INTO HOCVIEN VALUES('K1204','Truong My','Hanh','19/5/1986','Nu','Dong Nai','K12')
INSERT INTO HOCVIEN VALUES('K1205','Nguyen Thanh','Nam','17/4/1986','Nam','TpHCM','K12')
INSERT INTO HOCVIEN VALUES('K1206','Nguyen Thi Truc','Thanh','4/3/1986','Nu','Kien Giang','K12')
INSERT INTO HOCVIEN VALUES ('K1207','Tran Thi Bich',' Thuy ',' 8/2/1986',' Nu',' Nghe An ','K12')
INSERT INTO HOCVIEN VALUES ('K1208','Huynh Thi Kim',' Trieu ','8/4/1986 ','Nu ','Tay Ninh ','K12')
INSERT INTO HOCVIEN VALUES ('K1209','Pham Thanh',' Trieu ','23/2/1986 ','Nam ','TpHCM ','K12')
INSERT INTO HOCVIEN VALUES ('K1210','Ngo Thanh ','Tuan ','14/2/1986',' Nam ','TpHCM',' K12')
INSERT INTO HOCVIEN VALUES ('K1211','Do Thi ','Xuan ','9/3/1986 ','Nu ','Ha Noi ','K12')
INSERT INTO HOCVIEN VALUES ('K1212','Le Thi Phi',' Yen ','12/3/1986',' Nu',' TpHCM',' K12')
INSERT INTO HOCVIEN VALUES ('K1301','Nguyen Thi Kim',' Cuc ','9/6/1986',' Nu ','Kien Giang',' K13')
INSERT INTO HOCVIEN VALUES ('K1302','Truong Thi My ','Hien',' 18/3/1986 ','Nu',' Nghe An',' K13')
INSERT INTO HOCVIEN VALUES ('K1303','Le Duc ','Hien ','21/3/1986',' Nam ','Tay Ninh',' K13')
INSERT INTO HOCVIEN VALUES ('K1304','Le Quang ','Hien',' 18/4/1986 ','Nam ','TpHCM',' K13')
INSERT INTO HOCVIEN VALUES ('K1305','Le Thi','Huong','27/3/1986','Nu','TpHCM','K13')
INSERT INTO HOCVIEN VALUES ('K1306','Nguyen Thai ','Huu',' 30/3/1986',' Nam',' Ha Noi ','K13')
INSERT INTO HOCVIEN VALUES ('K1307','Tran Minh ','Man ','28/5/1986 ','Nam ','TpHCM','K13')
INSERT INTO HOCVIEN VALUES ('K1308','Nguyen Hieu ','Nghia ','8/4/1986 ','Nam ','Kien Giang ','K13')
INSERT INTO HOCVIEN VALUES ('K1309','Nguyen Trung ','Nghia ','18/1/1987',' Nam ','Nghe An ','K13')
INSERT INTO HOCVIEN VALUES ('K1310','Tran Thi Hong ','Tham ','22/4/1986 ','Nu',' Tay Ninh',' K13')
INSERT INTO HOCVIEN VALUES ('K1311','Tran Minh ','Thuc ','4/4/1986 ','Nam ','TpHCM',' K13')
INSERT INTO HOCVIEN VALUES ('K1312','Nguyen Thi Kim',' Yen',' 7/9/1986',' Nu',' TpHCM ','K13')
